id,urls,Programme name,First Year Tuition Fee,Study Level,Duration of Study,University,lable 1,lable 2,score
1,https://www.jupas.edu.hk/tc/programme/hkbu/JS2020,Bachelor of Arts,"HK$42,100 ", Study Level Bachelor's Degree,  Duration of Study  4 years,Hong Kong Baptist University,Arts,,19
2,https://www.jupas.edu.hk/tc/programme/hkbu/JS2021,Bachelor of Arts in Chinese Language and Literature,"HK$42,100 ", Study Level Bachelor's Degree,  Duration of Study  4 years,Hong Kong Baptist University,Arts,Langiage,19
3,https://www.jupas.edu.hk/tc/programme/hkbu/JS2022,Bachelor of Arts in Creative and Professional Writing,"HK$42,100 ", Study Level Bachelor's Degree,  Duration of Study  4 years,Hong Kong Baptist University,Arts,Writing,19
4,https://www.jupas.edu.hk/tc/programme/hkbu/JS2023,Bachelor of Arts in English Language and Literature,"HK$42,100 ", Study Level Bachelor's Degree,  Duration of Study  4 years,Hong Kong Baptist University,Arts,Language,19
5,https://www.jupas.edu.hk/tc/programme/hkbu/JS2024,Bachelor of Arts in Humanities,"HK$42,100 ", Study Level Bachelor's Degree,  Duration of Study  4 years,Hong Kong Baptist University,Arts,Humanities,19
6,https://www.jupas.edu.hk/tc/programme/hkbu/JS2025,"Bachelor of Arts in Religion, Philosophy and Ethics","HK$42,100 ", Study Level Bachelor's Degree,  Duration of Study  4 years,Hong Kong Baptist University,Arts,Philosophy,19
7,https://www.jupas.edu.hk/tc/programme/hkbu/JS2026,Bachelor of Arts in Translation,"HK$42,100 ", Study Level Bachelor's Degree,  Duration of Study  4 years,Hong Kong Baptist University,Arts,Translation,19
8,https://www.jupas.edu.hk/tc/programme/hkbu/JS2030,Bachelor of Arts in Music,"HK$42,100 ", Study Level Bachelor's Degree,  Duration of Study  4 years,Hong Kong Baptist University,Arts,Music,19
9,https://www.jupas.edu.hk/tc/programme/hkbu/JS2040,English Language & Literature and English Language Teaching (Double Degree),"HK$42,100 ", Study Level Bachelor's Degree,  Duration of Study  5 years,Hong Kong Baptist University,Arts,Language,19
10,https://www.jupas.edu.hk/tc/programme/hkbu/JS2050,Bachelor of Music in Creative Industries,"HK$42,100 ", Study Level Bachelor's Degree,  Duration of Study  4 years,Hong Kong Baptist University,Design,Music,19
11,https://www.jupas.edu.hk/tc/programme/hkbu/JS2110,Bachelor of Business Administration - Accounting Concentration,"HK$42,100 ", Study Level Bachelor's Degree,  Duration of Study  4 years,Hong Kong Baptist University,Business,Accounting,19
12,https://www.jupas.edu.hk/tc/programme/hkbu/JS2120,Bachelor of Business Administration,"HK$42,100 ", Study Level Bachelor's Degree,  Duration of Study  4 years,Hong Kong Baptist University,Business,,19
13,https://www.jupas.edu.hk/tc/programme/hkbu/JS2310,Bachelor of Communication,"HK$42,100 ", Study Level Bachelor's Degree,  Duration of Study  4 years,Hong Kong Baptist University,Media,Communication,19
14,https://www.jupas.edu.hk/tc/programme/hkbu/JS2320,Bachelor of Communication - Film Major - Animation and Media Arts Concentration,"HK$42,100 ", Study Level Bachelor's Degree,  Duration of Study  4 years,Hong Kong Baptist University,Media,Animation,19
15,https://www.jupas.edu.hk/tc/programme/hkbu/JS2330,Bachelor of Communication - Film Major - Film and Television Concentration,"HK$42,100 ", Study Level Bachelor's Degree,  Duration of Study  4 years,Hong Kong Baptist University,Media,Film,19
16,https://www.jupas.edu.hk/tc/programme/hkbu/JS2340,Bachelor of Fine Arts in Acting for Global Screen,"HK$42,100 ", Study Level Bachelor's Degree,  Duration of Study  4 years,Hong Kong Baptist University,Media,Acting,19
17,https://www.jupas.edu.hk/tc/programme/hkbu/JS2410,Bachelor of Chinese Medicine and Bachelor of Science in Biomedical Science,"HK$42,100 ", Study Level Bachelor's Degree,  Duration of Study  6 years,Hong Kong Baptist University,Medical,Medicine,19
18,https://www.jupas.edu.hk/tc/programme/hkbu/JS2420,Bachelor of Pharmacy in Chinese Medicine,"HK$42,100 ", Study Level Bachelor's Degree,  Duration of Study  4 years,Hong Kong Baptist University,Medical,Medicine,19
19,https://www.jupas.edu.hk/tc/programme/hkbu/JS2510,Bachelor of Science,"HK$42,100 ", Study Level Bachelor's Degree,  Duration of Study  4 years,Hong Kong Baptist University,Science,,19
20,https://www.jupas.edu.hk/tc/programme/hkbu/JS2610,Bachelor of Arts/ Bachelor of Social Sciences (Geography/ Government & International Studies/ History/ Sociology),"HK$42,100 ", Study Level Bachelor's Degree,  Duration of Study  4 years,Hong Kong Baptist University,Arts,Sociology,19
21,https://www.jupas.edu.hk/tc/programme/hkbu/JS2620,Bachelor of Arts in Physical Education and Recreation Management,"HK$42,100 ", Study Level Bachelor's Degree,  Duration of Study  4 years,Hong Kong Baptist University,Physical,Recreation,19
22,https://www.jupas.edu.hk/tc/programme/hkbu/JS2630,Bachelor of Social Sciences in European Studies - French Stream,"HK$42,100 ", Study Level Bachelor's Degree,  Duration of Study  4 years,Hong Kong Baptist University,Society,European,19
23,https://www.jupas.edu.hk/tc/programme/hkbu/JS2640,Bachelor of Social Sciences in European Studies - German Stream,"HK$42,100 ", Study Level Bachelor's Degree,  Duration of Study  4 years,Hong Kong Baptist University,Society,European,19
24,https://www.jupas.edu.hk/tc/programme/hkbu/JS2660,Bachelor of Social Work,"HK$42,100 ", Study Level Bachelor's Degree,  Duration of Study  4 years,Hong Kong Baptist University,Society,Social Work,19
25,https://www.jupas.edu.hk/tc/programme/hkbu/JS2670,Bachelor of Social Sciences in Global and China Studies,"HK$42,100 ", Study Level Bachelor's Degree,  Duration of Study  4 years,Hong Kong Baptist University,Arts,China,19
26,https://www.jupas.edu.hk/tc/programme/hkbu/JS2680,Geography/ History/ Sociology and Liberal Studies Teaching (Double Degree),"HK$42,100 ", Study Level Bachelor's Degree,  Duration of Study  5 years,Hong Kong Baptist University,Arts,History,19
27,https://www.jupas.edu.hk/tc/programme/hkbu/JS2690,"Geography/ History/ Sociology and Personal, Social and Humanities Education Teaching (Double Degree)","HK$42,100 ", Study Level Bachelor's Degree,  Duration of Study  5 years,Hong Kong Baptist University,Arts,History,19
28,https://www.jupas.edu.hk/tc/programme/hkbu/JS2810,Bachelor of Arts in Visual Arts,"HK$42,100 ", Study Level Bachelor's Degree,  Duration of Study  4 years,Hong Kong Baptist University,Design,Art,19
29,https://www.jupas.edu.hk/tc/programme/hkbu/JS2910,Bachelor of Science in Business Computing and Data Analytics,"HK$42,100 ", Study Level Bachelor's Degree,  Duration of Study  4 years,Hong Kong Baptist University,Business,Analytics,19
30,https://www.jupas.edu.hk/tc/programme/cityu/JS1000,BSc Computational Finance and Financial Technology,"HK$42,100 ", Study Level Bachelor's Degree,  Duration of Study  4 years,City University of Hong Kong,Business,Finance,21
31,https://www.jupas.edu.hk/tc/programme/cityu/JS1001,BBA Global Business,"HK$42,100 ", Study Level Bachelor's Degree,  Duration of Study  4 years,City University of Hong Kong,Business,,21
32,https://www.jupas.edu.hk/tc/programme/cityu/JS1002,BBA Accountancy,"HK$42,100 ", Study Level Bachelor's Degree,  Duration of Study  4 years,City University of Hong Kong,Business,,21
33,https://www.jupas.edu.hk/tc/programme/cityu/JS1005,BBA Management,"HK$42,100 ", Study Level Bachelor's Degree,  Duration of Study  4 years,City University of Hong Kong,Business,,21
34,https://www.jupas.edu.hk/tc/programme/cityu/JS1007,BBA Marketing,"HK$42,100 ", Study Level Bachelor's Degree,  Duration of Study  4 years,City University of Hong Kong,Business,,21
35,https://www.jupas.edu.hk/tc/programme/cityu/JS1012,"Department of Economics and Finance (options: BBA Business Economics, BBA Finance)","HK$42,100 ", Study Level Bachelor's Degree,  Duration of Study  4 years,City University of Hong Kong,Business,Finance,21
36,https://www.jupas.edu.hk/tc/programme/cityu/JS1013,BBA Business Economics,"HK$42,100 ", Study Level Bachelor's Degree,  Duration of Study  4 years,City University of Hong Kong,Business,,21
37,https://www.jupas.edu.hk/tc/programme/cityu/JS1014,BBA Finance,"HK$42,100 ", Study Level Bachelor's Degree,  Duration of Study  4 years,City University of Hong Kong,Business,Finance,21
38,https://www.jupas.edu.hk/tc/programme/cityu/JS1017,"Department of Information Systems (options: BBA Global Business Systems Management, BBA Information Management)","HK$42,100 ", Study Level Bachelor's Degree,  Duration of Study  4 years,City University of Hong Kong,Business,Management,21
39,https://www.jupas.edu.hk/tc/programme/cityu/JS1018,BBA Global Business Systems Management,"HK$42,100 ", Study Level Bachelor's Degree,  Duration of Study  4 years,City University of Hong Kong,Business,,21
40,https://www.jupas.edu.hk/tc/programme/cityu/JS1019,BBA Information Management,"HK$42,100 ", Study Level Bachelor's Degree,  Duration of Study  4 years,City University of Hong Kong,Business,Management,21
41,https://www.jupas.edu.hk/tc/programme/cityu/JS1025,"Department of Management Sciences (options: BBA Business Analysis, BBA Business Operations Management)","HK$42,100 ", Study Level Bachelor's Degree,  Duration of Study  4 years,City University of Hong Kong,Business,Management,21
42,https://www.jupas.edu.hk/tc/programme/cityu/JS1026,BBA Business Analysis,"HK$42,100 ", Study Level Bachelor's Degree,  Duration of Study  4 years,City University of Hong Kong,Business,Analytics,21
43,https://www.jupas.edu.hk/tc/programme/cityu/JS1027,BBA Business Operations Management,"HK$42,100 ", Study Level Bachelor's Degree,  Duration of Study  4 years,City University of Hong Kong,Business,Management,21
44,https://www.jupas.edu.hk/tc/programme/cityu/JS1041,"School of Creative Media (options: BA Creative Media, BSc Creative Media, BAS New Media)","HK$42,100 ", Study Level Bachelor's Degree,  Duration of Study  4 years,City University of Hong Kong,Media,Creative,21
45,https://www.jupas.edu.hk/tc/programme/cityu/JS1042,BA Creative Media,"HK$42,100 ", Study Level Bachelor's Degree,  Duration of Study  4 years,City University of Hong Kong,Media,Creative,21
46,https://www.jupas.edu.hk/tc/programme/cityu/JS1043,BSc Creative Media,"HK$42,100 ", Study Level Bachelor's Degree,  Duration of Study  4 years,City University of Hong Kong,Science,Creative,21
47,https://www.jupas.edu.hk/tc/programme/cityu/JS1044,BAS New Media,"HK$42,100 ", Study Level Bachelor's Degree,  Duration of Study  4 years,City University of Hong Kong,Media,,21
48,https://www.jupas.edu.hk/tc/programme/cityu/JS1051,"School of Energy and Environment (options: BEng Energy Science and Engineering, BEng Environmental Science and Engineering)","HK$42,100 ", Study Level Bachelor's Degree,  Duration of Study  4 years,City University of Hong Kong,Science,,21
49,https://www.jupas.edu.hk/tc/programme/cityu/JS1061,Bachelor of Laws,"HK$42,100 ", Study Level Bachelor's Degree,  Duration of Study  4 years,City University of Hong Kong,Laws,,21
50,https://www.jupas.edu.hk/tc/programme/cityu/JS1071,"School of Data Science (options: BSc Data Science, BEng Data and Systems Engineering)","HK$42,100 ", Study Level Bachelor's Degree,  Duration of Study  4 years,City University of Hong Kong,IT,Data,21
51,https://www.jupas.edu.hk/tc/programme/cityu/JS1072,BSc Data Science,"HK$42,100 ", Study Level Bachelor's Degree,  Duration of Study  4 years,City University of Hong Kong,IT,Data,21
52,https://www.jupas.edu.hk/tc/programme/cityu/JS1073,BEng Data and Systems Engineering,"HK$42,100 ", Study Level Bachelor's Degree,  Duration of Study  4 years,City University of Hong Kong,IT,Data,21
53,https://www.jupas.edu.hk/tc/programme/cityu/JS1091,"Division of Building Science and Technology (options: ASc Building Services Engineering, ASc Construction Engineering and Management, ASc Surveying)","HK$31,575 ", Study Level Associate Degree,  Duration of Study  2 years,City University of Hong Kong,Engineering,,21
54,https://www.jupas.edu.hk/tc/programme/cityu/JS1093,ASc Architectural Studies,"HK$31,575 ", Study Level Associate Degree,  Duration of Study  2 years,City University of Hong Kong,Engineering,,21
55,https://www.jupas.edu.hk/tc/programme/cityu/JS1102,BSocSc Asian and International Studies,"HK$42,100 ", Study Level Bachelor's Degree,  Duration of Study  4 years,City University of Hong Kong,Arts,Asian,21
56,https://www.jupas.edu.hk/tc/programme/cityu/JS1103,BA Chinese and History,"HK$42,100 ", Study Level Bachelor's Degree,  Duration of Study  4 years,City University of Hong Kong,Arts,History,21
57,https://www.jupas.edu.hk/tc/programme/cityu/JS1104,BA English,"HK$42,100 ", Study Level Bachelor's Degree,  Duration of Study  4 years,City University of Hong Kong,Arts,Language,21
58,https://www.jupas.edu.hk/tc/programme/cityu/JS1105,"Department of Linguistics and Translation (options: BA Linguistics and Language Applications, BA Translation and Interpretation)","HK$42,100 ", Study Level Bachelor's Degree,  Duration of Study  4 years,City University of Hong Kong,Arts,Language,21
59,https://www.jupas.edu.hk/tc/programme/cityu/JS1106,"Department of Media and Communication (options: BA Digital Television and Broadcasting, BA Media and Communication)","HK$42,100 ", Study Level Bachelor's Degree,  Duration of Study  4 years,City University of Hong Kong,Media,,21
60,https://www.jupas.edu.hk/tc/programme/cityu/JS1108,BSocSc Public Policy and Politics,"HK$42,100 ", Study Level Bachelor's Degree,  Duration of Study  4 years,City University of Hong Kong,Society,,21
61,https://www.jupas.edu.hk/tc/programme/cityu/JS1110,"Department of Social and Behavioural Sciences (options: BSocSc Criminology and Sociology, BSocSc Psychology, BSocSc Social Work)","HK$42,100 ", Study Level Bachelor's Degree,  Duration of Study  4 years,City University of Hong Kong,Society,,21
62,https://www.jupas.edu.hk/tc/programme/cityu/JS1111,BSocSc Criminology and Sociology,"HK$42,100 ", Study Level Bachelor's Degree,  Duration of Study  4 years,City University of Hong Kong,Society,,21
63,https://www.jupas.edu.hk/tc/programme/cityu/JS1112,BSocSc Psychology,"HK$42,100 ", Study Level Bachelor's Degree,  Duration of Study  4 years,City University of Hong Kong,Medical,,21
64,https://www.jupas.edu.hk/tc/programme/cityu/JS1113,BSocSc Social Work,"HK$42,100 ", Study Level Bachelor's Degree,  Duration of Study  4 years,City University of Hong Kong,Society,Social Work,21
65,https://www.jupas.edu.hk/tc/programme/cityu/JS1202,BSc Chemistry,"HK$42,100 ", Study Level Bachelor's Degree,  Duration of Study  4 years,City University of Hong Kong,Science,,21
66,https://www.jupas.edu.hk/tc/programme/cityu/JS1204,BSc Computer Science,"HK$42,100 ", Study Level Bachelor's Degree,  Duration of Study  4 years,City University of Hong Kong,IT,Computrt,21
67,https://www.jupas.edu.hk/tc/programme/cityu/JS1205,"Department of Electrical Engineering (options:BEng Computer&Data Engineering, BEng Electronic&Electrical Engineering, BEng Information Engineering)","HK$42,100 ", Study Level Bachelor's Degree,  Duration of Study  4 years,City University of Hong Kong,Engineering,Mathematics,21
68,https://www.jupas.edu.hk/tc/programme/cityu/JS1206,BSc Computing Mathematics,"HK$42,100 ", Study Level Bachelor's Degree,  Duration of Study  4 years,City University of Hong Kong,Science,Mathematics,21
69,https://www.jupas.edu.hk/tc/programme/cityu/JS1207,"Department of Mechanical Engineering (options: BEng Mechanical Engineering,BEng Nuclear & Risk Engineering)","HK$42,100 ", Study Level Bachelor's Degree,  Duration of Study  4 years,City University of Hong Kong,Engineering,,21
70,https://www.jupas.edu.hk/tc/programme/cityu/JS1208,BSc Applied Physics,"HK$42,100 ", Study Level Bachelor's Degree,  Duration of Study  4 years,City University of Hong Kong,Engineering,,21
71,https://www.jupas.edu.hk/tc/programme/cityu/JS1210,BEng Materials Science and Engineering,"HK$42,100 ", Study Level Bachelor's Degree,  Duration of Study  4 years,City University of Hong Kong,Engineering,,21
72,https://www.jupas.edu.hk/tc/programme/cityu/JS1211,BEng Biomedical Engineering,"HK$42,100 ", Study Level Bachelor's Degree,  Duration of Study  4 years,City University of Hong Kong,Science,,21
73,https://www.jupas.edu.hk/tc/programme/cityu/JS1212,"Department of Architecture and Civil Engineering (options: BEng Architectural Engineering, BEng Civil Engineering, BSc Surveying)","HK$42,100 ", Study Level Bachelor's Degree,  Duration of Study  4 years,City University of Hong Kong,Engineering,,21
74,https://www.jupas.edu.hk/tc/programme/cityu/JS1213,BEng Architectural Engineering,"HK$42,100 ", Study Level Bachelor's Degree,  Duration of Study  4 years,City University of Hong Kong,Engineering,,21
75,https://www.jupas.edu.hk/tc/programme/cityu/JS1214,BEng Civil Engineering,"HK$42,100 ", Study Level Bachelor's Degree,  Duration of Study  4 years,City University of Hong Kong,Engineering,,21
76,https://www.jupas.edu.hk/tc/programme/cityu/JS1215,BSc Surveying,"HK$42,100 ", Study Level Bachelor's Degree,  Duration of Study  4 years,City University of Hong Kong,Engineering,,21
77,https://www.jupas.edu.hk/tc/programme/cityu/JS1801,Bachelor of Veterinary Medicine,"HK$42,100 ", Study Level Bachelor's Degree,  Duration of Study  6 years,City University of Hong Kong,Medical,computer,21
78,https://www.jupas.edu.hk/tc/programme/cityu/JS1805,"Department of Biomedical Sciences (options: BSc Biological Sciences, BSc Biomedical Sciences)","HK$42,100 ", Study Level Bachelor's Degree,  Duration of Study  4 years,City University of Hong Kong,Science,Biomedical,21
79,https://www.jupas.edu.hk/tc/programme/cityu/JS1806,BSc Biological Sciences,"HK$42,100 ", Study Level Bachelor's Degree,  Duration of Study  4 years,City University of Hong Kong,Science,Biomedical,21
80,https://www.jupas.edu.hk/tc/programme/cityu/JS1807,BSc Biomedical Sciences,"HK$42,100 ", Study Level Bachelor's Degree,  Duration of Study  4 years,City University of Hong Kong,Science,Biomedical,21
81,https://www.jupas.edu.hk/tc/programme/lingnanu/JS7101,Bachelor of Arts (Honours) in Chinese,"HK$42,100 ", Study Level Bachelor's Degree,  Duration of Study  4 years,Lingnan University,Arts,Language,21
82,https://www.jupas.edu.hk/tc/programme/lingnanu/JS7123,Bachelor of Arts (Honours) in Global Liberal Arts,"HK$42,100 ", Study Level Bachelor's Degree,  Duration of Study  4 years,Lingnan University,Arts,Language,21
83,https://www.jupas.edu.hk/tc/programme/lingnanu/JS7200,Bachelor of Business Administration (Honours),"HK$42,100 ", Study Level Bachelor's Degree,  Duration of Study  4 years,Lingnan University,Business,,21
84,https://www.jupas.edu.hk/tc/programme/lingnanu/JS7204,Bachelor of Arts (Honours) in Translation,"HK$42,100 ", Study Level Bachelor's Degree,  Duration of Study  4 years,Lingnan University,Arts,Translation,21
85,https://www.jupas.edu.hk/tc/programme/lingnanu/JS7216,Bachelor of Business Administration (Honours) - Risk and Insurance Management,"HK$42,100 ", Study Level Bachelor's Degree,  Duration of Study  4 years,Lingnan University,Business,Mathematics,21
86,https://www.jupas.edu.hk/tc/programme/lingnanu/JS7225,Bachelor of Science (Honours) in Data Science,"HK$42,100 ", Study Level Bachelor's Degree,  Duration of Study  4 years,Lingnan University,IT,Data,21
87,https://www.jupas.edu.hk/tc/programme/lingnanu/JS7300,Bachelor of Social Sciences (Honours),"HK$42,100 ", Study Level Bachelor's Degree,  Duration of Study  4 years,Lingnan University,Society,,21
88,https://www.jupas.edu.hk/tc/programme/lingnanu/JS7503,Bachelor of Arts (Honours) in Contemporary English Studies,"HK$42,100 ", Study Level Bachelor's Degree,  Duration of Study  4 years,Lingnan University,Arts,Language,21
89,https://www.jupas.edu.hk/tc/programme/lingnanu/JS7606,Bachelor of Arts (Honours) in Cultural Studies,"HK$42,100 ", Study Level Bachelor's Degree,  Duration of Study  4 years,Lingnan University,Arts,History,21
90,https://www.jupas.edu.hk/tc/programme/lingnanu/JS7709,Bachelor of Arts (Honours) in History,"HK$42,100 ", Study Level Bachelor's Degree,  Duration of Study  4 years,Lingnan University,Arts,History,21
91,https://www.jupas.edu.hk/tc/programme/lingnanu/JS7802,Bachelor of Arts (Honours) in Philosophy,"HK$42,100 ", Study Level Bachelor's Degree,  Duration of Study  4 years,Lingnan University,Arts,Philosophy,21
92,https://www.jupas.edu.hk/tc/programme/lingnanu/JS7905,Bachelor of Arts (Honours) in Visual Studies,"HK$42,100 ", Study Level Bachelor's Degree,  Duration of Study  4 years,Lingnan University,Arts,Art,21
93,https://www.jupas.edu.hk/tc/programme/cuhk/JS4006,Anthropology,"HK$42,100 ", Study Level Bachelor's Degree,  Duration of Study  4 years,The Chinese University of Hong Kong,Arts,Social Work,20
94,https://www.jupas.edu.hk/tc/programme/cuhk/JS4018,Chinese Language and Literature,"HK$42,100 ", Study Level Bachelor's Degree,  Duration of Study  4 years,The Chinese University of Hong Kong,Arts,Language,20
95,https://www.jupas.edu.hk/tc/programme/cuhk/JS4020,Cultural Studies,"HK$42,100 ", Study Level Bachelor's Degree,  Duration of Study  4 years,The Chinese University of Hong Kong,Arts,Language,20
96,https://www.jupas.edu.hk/tc/programme/cuhk/JS4022,Cultural Management,"HK$42,100 ", Study Level Bachelor's Degree,  Duration of Study  4 years,The Chinese University of Hong Kong,Arts,,20
97,https://www.jupas.edu.hk/tc/programme/cuhk/JS4032,English,"HK$42,100 ", Study Level Bachelor's Degree,  Duration of Study  4 years,The Chinese University of Hong Kong,Arts,Language,20
98,https://www.jupas.edu.hk/tc/programme/cuhk/JS4044,Fine Arts,"HK$42,100 ", Study Level Bachelor's Degree,  Duration of Study  4 years,The Chinese University of Hong Kong,Design,Art,20
99,https://www.jupas.edu.hk/tc/programme/cuhk/JS4056,History,"HK$42,100 ", Study Level Bachelor's Degree,  Duration of Study  4 years,The Chinese University of Hong Kong,Arts,History,20
100,https://www.jupas.edu.hk/tc/programme/cuhk/JS4068,Japanese Studies,"HK$42,100 ", Study Level Bachelor's Degree,  Duration of Study  4 years,The Chinese University of Hong Kong,Arts,Asian,20
101,https://www.jupas.edu.hk/tc/programme/cuhk/JS4070,Linguistics,"HK$42,100 ", Study Level Bachelor's Degree,  Duration of Study  4 years,The Chinese University of Hong Kong,Arts,Language,20
102,https://www.jupas.edu.hk/tc/programme/cuhk/JS4082,Music,"HK$42,100 ", Study Level Bachelor's Degree,  Duration of Study  4 years,The Chinese University of Hong Kong,Music,Music,20
103,https://www.jupas.edu.hk/tc/programme/cuhk/JS4094,Philosophy,"HK$42,100 ", Study Level Bachelor's Degree,  Duration of Study  4 years,The Chinese University of Hong Kong,Arts,Philosophy,20
104,https://www.jupas.edu.hk/tc/programme/cuhk/JS4109,Religious Studies,"HK$42,100 ", Study Level Bachelor's Degree,  Duration of Study  4 years,The Chinese University of Hong Kong,Arts,Religious,20
105,https://www.jupas.edu.hk/tc/programme/cuhk/JS4111,Theology,"HK$42,100 ", Study Level Bachelor's Degree,  Duration of Study  4 years,The Chinese University of Hong Kong,Arts,Religious,20
106,https://www.jupas.edu.hk/tc/programme/cuhk/JS4123,Translation,"HK$42,100 ", Study Level Bachelor's Degree,  Duration of Study  4 years,The Chinese University of Hong Kong,Arts,Translation,20
107,https://www.jupas.edu.hk/tc/programme/cuhk/JS4136,Chinese Studies,"HK$42,100 ", Study Level Bachelor's Degree,  Duration of Study  4 years,The Chinese University of Hong Kong,Arts,History,20
108,https://www.jupas.edu.hk/tc/programme/cuhk/JS4202,Integrated Bachelor of Business Administration Programme,"HK$42,100 ", Study Level Bachelor's Degree,  Duration of Study  4 years,The Chinese University of Hong Kong,Business,,20
109,https://www.jupas.edu.hk/tc/programme/cuhk/JS4214,Global Business Studies,"HK$42,100 ", Study Level Bachelor's Degree,  Duration of Study  4 years,The Chinese University of Hong Kong,Business,,20
110,https://www.jupas.edu.hk/tc/programme/cuhk/JS4226,Hospitality and Real Estate,"HK$42,100 ", Study Level Bachelor's Degree,  Duration of Study  4 years,The Chinese University of Hong Kong,Business,Management,20
111,https://www.jupas.edu.hk/tc/programme/cuhk/JS4238,"Insurance, Financial and Actuarial Analysis","HK$42,100 ", Study Level Bachelor's Degree,  Duration of Study  4 years,The Chinese University of Hong Kong,Business,Analytics,20
112,https://www.jupas.edu.hk/tc/programme/cuhk/JS4240,Professional Accountancy,"HK$42,100 ", Study Level Bachelor's Degree,  Duration of Study  4 years,The Chinese University of Hong Kong,Business,Mathematics,20
113,https://www.jupas.edu.hk/tc/programme/cuhk/JS4252,Quantitative Finance,"HK$42,100 ", Study Level Bachelor's Degree,  Duration of Study  4 years,The Chinese University of Hong Kong,Business,,20
114,https://www.jupas.edu.hk/tc/programme/cuhk/JS4254,Interdisciplinary Major Programme in Global Economics and Finance,"HK$42,100 ", Study Level Bachelor's Degree,  Duration of Study  4 years,The Chinese University of Hong Kong,Business,Management,20
115,https://www.jupas.edu.hk/tc/programme/cuhk/JS4264,Bachelor of Business Administration (Integrated BBA Programme) and Juris Doctor Double Degree Programme,"HK$42,100 ", Study Level Bachelor's Degree,  Duration of Study  5 years,The Chinese University of Hong Kong,Business,Management,20
116,https://www.jupas.edu.hk/tc/programme/cuhk/JS4276,Quantitative Finance and Risk Management Science,"HK$42,100 ", Study Level Bachelor's Degree,  Duration of Study  4 years,The Chinese University of Hong Kong,Business,Management,20
117,https://www.jupas.edu.hk/tc/programme/cuhk/JS4288,International Business and Chinese Enterprise,"HK$42,100 ", Study Level Bachelor's Degree,  Duration of Study  4 years,The Chinese University of Hong Kong,Business,,20
118,https://www.jupas.edu.hk/tc/programme/cuhk/JS4329,"Physical Education, Exercise Science and Health","HK$42,100 ", Study Level Bachelor's Degree,  Duration of Study  5 years,The Chinese University of Hong Kong,Physical,,20
119,https://www.jupas.edu.hk/tc/programme/cuhk/JS4331,B.A. (Chinese Language Studies) and B.Ed. (Chinese Language Education),"HK$42,100 ", Study Level Bachelor's Degree,  Duration of Study  5 years,The Chinese University of Hong Kong,Arts,Language,20
120,https://www.jupas.edu.hk/tc/programme/cuhk/JS4343,B.A. (English Studies) and B.Ed. (English Language Education),"HK$42,100 ", Study Level Bachelor's Degree,  Duration of Study  5 years,The Chinese University of Hong Kong,Arts,Language,20
121,https://www.jupas.edu.hk/tc/programme/cuhk/JS4361,B.Ed. in Mathematics and Mathematics Education,"HK$42,100 ", Study Level Bachelor's Degree,  Duration of Study  5 years,The Chinese University of Hong Kong,Education,Mathematics,20
122,https://www.jupas.edu.hk/tc/programme/cuhk/JS4372,B.Ed. in Early Childhood Education,"HK$42,100 ", Study Level Bachelor's Degree,  Duration of Study  5 years,The Chinese University of Hong Kong,Education,,20
123,https://www.jupas.edu.hk/tc/programme/cuhk/JS4401,Engineering,"HK$42,100 ", Study Level Bachelor's Degree,  Duration of Study  4 years,The Chinese University of Hong Kong,Engineering,,20
124,https://www.jupas.edu.hk/tc/programme/cuhk/JS4428,BEng in Financial Technology,"HK$42,100 ", Study Level Bachelor's Degree,  Duration of Study  4 years,The Chinese University of Hong Kong,Business,,20
125,https://www.jupas.edu.hk/tc/programme/cuhk/JS4434,BEng in Electronic Engineering,"HK$42,100 ", Study Level Bachelor's Degree,  Duration of Study  4 years,The Chinese University of Hong Kong,Engineering,,20
126,https://www.jupas.edu.hk/tc/programme/cuhk/JS4460,BEng in Biomedical Engineering,"HK$42,100 ", Study Level Bachelor's Degree,  Duration of Study  4 years,The Chinese University of Hong Kong,Science,,20
127,https://www.jupas.edu.hk/tc/programme/cuhk/JS4462,BEng in Energy and Environmental Engineering,"HK$42,100 ", Study Level Bachelor's Degree,  Duration of Study  4 years,The Chinese University of Hong Kong,Engineering,,20
128,https://www.jupas.edu.hk/tc/programme/cuhk/JS4468,BEng in Artificial Intelligence: Systems and Technologies,"HK$42,100 ", Study Level Bachelor's Degree,  Duration of Study  4 years,The Chinese University of Hong Kong,IT,Computer,20
129,https://www.jupas.edu.hk/tc/programme/cuhk/JS4501,Medicine (MBChB) Programme,"HK$42,100 ", Study Level Bachelor's Degree,  Duration of Study  5 or 6 years,The Chinese University of Hong Kong,Medical,,20
130,https://www.jupas.edu.hk/tc/programme/cuhk/JS4502,Medicine (MBChB) Programme Global Physician-Leadership Stream (GPS),"HK$42,100 ", Study Level Bachelor's Degree,  Duration of Study  5 or 6 years,The Chinese University of Hong Kong,Medical,,20
131,https://www.jupas.edu.hk/tc/programme/cuhk/JS4513,Nursing,"HK$42,100 ", Study Level Bachelor's Degree,  Duration of Study  5 years,The Chinese University of Hong Kong,Medical,,20
132,https://www.jupas.edu.hk/tc/programme/cuhk/JS4525,Pharmacy,"HK$42,100 ", Study Level Bachelor's Degree,  Duration of Study  4 years,The Chinese University of Hong Kong,Medical,,20
133,https://www.jupas.edu.hk/tc/programme/cuhk/JS4537,Public Health,"HK$42,100 ", Study Level Bachelor's Degree,  Duration of Study  4 years,The Chinese University of Hong Kong,Science,Biomedica,20
134,https://www.jupas.edu.hk/tc/programme/cuhk/JS4542,Chinese Medicine,"HK$42,100 ", Study Level Bachelor's Degree,  Duration of Study  6 years,The Chinese University of Hong Kong,Medical,Chinese,20
135,https://www.jupas.edu.hk/tc/programme/cuhk/JS4550,Biomedical Sciences,"HK$42,100 ", Study Level Bachelor's Degree,  Duration of Study  4 years,The Chinese University of Hong Kong,Science,Biomedica,20
136,https://www.jupas.edu.hk/tc/programme/cuhk/JS4601,Science,"HK$42,100 ", Study Level Bachelor's Degree,  Duration of Study  4 years,The Chinese University of Hong Kong,Science,,20
137,https://www.jupas.edu.hk/tc/programme/cuhk/JS4633,Earth System Science (Atmospheric Science / Geophysics),"HK$42,100 ", Study Level Bachelor's Degree,  Duration of Study  4 years,The Chinese University of Hong Kong,Science,,20
138,https://www.jupas.edu.hk/tc/programme/cuhk/JS4682,Enrichment Mathematics,"HK$42,100 ", Study Level Bachelor's Degree,  Duration of Study  4 years,The Chinese University of Hong Kong,Science,Mathematics,20
139,https://www.jupas.edu.hk/tc/programme/cuhk/JS4690,Enrichment Stream in Theoretical Physics,"HK$42,100 ", Study Level Bachelor's Degree,  Duration of Study  4 years,The Chinese University of Hong Kong,Science,Mathematics,20
140,https://www.jupas.edu.hk/tc/programme/cuhk/JS4719,Risk Management Science,"HK$42,100 ", Study Level Bachelor's Degree,  Duration of Study  4 years,The Chinese University of Hong Kong,Business,Management,20
141,https://www.jupas.edu.hk/tc/programme/cuhk/JS4801,Social Science,"HK$42,100 ", Study Level Bachelor's Degree,  Duration of Study  4 years,The Chinese University of Hong Kong,Society,Social Work,20
142,https://www.jupas.edu.hk/tc/programme/cuhk/JS4812,Architectural Studies,"HK$42,100 ", Study Level Bachelor's Degree,  Duration of Study  4 years,The Chinese University of Hong Kong,Engineering,,20
143,https://www.jupas.edu.hk/tc/programme/cuhk/JS4824,Economics,"HK$42,100 ", Study Level Bachelor's Degree,  Duration of Study  4 years,The Chinese University of Hong Kong,Engineering,Mathematics,20
144,https://www.jupas.edu.hk/tc/programme/cuhk/JS4836,Geography and Resource Management,"HK$42,100 ", Study Level Bachelor's Degree,  Duration of Study  4 years,The Chinese University of Hong Kong,Science,,20
145,https://www.jupas.edu.hk/tc/programme/cuhk/JS4838,Urban Studies,"HK$42,100 ", Study Level Bachelor's Degree,  Duration of Study  4 years,The Chinese University of Hong Kong,Society,,20
146,https://www.jupas.edu.hk/tc/programme/cuhk/JS4848,Government and Public Administration,"HK$42,100 ", Study Level Bachelor's Degree,  Duration of Study  4 years,The Chinese University of Hong Kong,Society,,20
147,https://www.jupas.edu.hk/tc/programme/cuhk/JS4850,Journalism and Communication,"HK$42,100 ", Study Level Bachelor's Degree,  Duration of Study  4 years,The Chinese University of Hong Kong,Media,,20
148,https://www.jupas.edu.hk/tc/programme/cuhk/JS4858,Global Communication,"HK$42,100 ", Study Level Bachelor's Degree,  Duration of Study  4 years,The Chinese University of Hong Kong,Society,,20
149,https://www.jupas.edu.hk/tc/programme/cuhk/JS4862,Psychology,"HK$42,100 ", Study Level Bachelor's Degree,  Duration of Study  4 years,The Chinese University of Hong Kong,Medical,,20
150,https://www.jupas.edu.hk/tc/programme/cuhk/JS4874,Social Work,"HK$42,100 ", Study Level Bachelor's Degree,  Duration of Study  4 years,The Chinese University of Hong Kong,Society,Social Work,20
151,https://www.jupas.edu.hk/tc/programme/cuhk/JS4886,Sociology,"HK$42,100 ", Study Level Bachelor's Degree,  Duration of Study  4 years,The Chinese University of Hong Kong,Society,Social Work,20
152,https://www.jupas.edu.hk/tc/programme/cuhk/JS4892,Global Studies,"HK$42,100 ", Study Level Bachelor's Degree,  Duration of Study  4 years,The Chinese University of Hong Kong,Society,Social Work,20
153,https://www.jupas.edu.hk/tc/programme/cuhk/JS4893,Data Science and Policy Studies,"HK$42,100 ", Study Level Bachelor's Degree,  Duration of Study  4 years,The Chinese University of Hong Kong,IT,Data,20
154,https://www.jupas.edu.hk/tc/programme/cuhk/JS4903,Bachelor of Laws,"HK$42,100 ", Study Level Bachelor's Degree,  Duration of Study  4 years,The Chinese University of Hong Kong,Laws,,20
155,https://www.jupas.edu.hk/tc/programme/eduhk/JS8105,Bachelor of Education (Honours) (Chinese Language),"HK$42,100 ", Study Level Bachelor's Degree,  Duration of Study  5 years,The Education University of Hong Kong,Education,Language,18
156,https://www.jupas.edu.hk/tc/programme/eduhk/JS8222,Bachelor of Education (Honours) (English Language) - Primary,"HK$42,100 ", Study Level Bachelor's Degree,  Duration of Study  5 years,The Education University of Hong Kong,Education,Language,18
157,https://www.jupas.edu.hk/tc/programme/eduhk/JS8234,Bachelor of Education (Honours) (Primary) - General Studies,"HK$42,100 ", Study Level Bachelor's Degree,  Duration of Study  5 years,The Education University of Hong Kong,Education,,18
158,https://www.jupas.edu.hk/tc/programme/eduhk/JS8246,Bachelor of Education (Honours) (Primary) - Mathematics,"HK$42,100 ", Study Level Bachelor's Degree,  Duration of Study  5 years,The Education University of Hong Kong,Education,Mathematics,18
159,https://www.jupas.edu.hk/tc/programme/eduhk/JS8325,Bachelor of Education (Honours) (Physical Education),"HK$42,100 ", Study Level Bachelor's Degree,  Duration of Study  5 years,The Education University of Hong Kong,Education,,18
160,https://www.jupas.edu.hk/tc/programme/eduhk/JS8361,Bachelor of Education (Honours) (Secondary) - Information and Communication Technology,"HK$42,100 ", Study Level Bachelor's Degree,  Duration of Study  5 years,The Education University of Hong Kong,Education,,18
161,https://www.jupas.edu.hk/tc/programme/eduhk/JS8371,"Bachelor of Education (Honours) (Business, Accounting and Financial Studies)","HK$42,100 ", Study Level Bachelor's Degree,  Duration of Study  5 years,The Education University of Hong Kong,Education,Computer,18
162,https://www.jupas.edu.hk/tc/programme/eduhk/JS8381,Bachelor of Education (Honours) (History),"HK$42,100 ", Study Level Bachelor's Degree,  Duration of Study  5 years,The Education University of Hong Kong,Education,History,18
163,https://www.jupas.edu.hk/tc/programme/eduhk/JS8391,Bachelor of Education (Honours) (Secondary) in Mathematics,"HK$42,100 ", Study Level Bachelor's Degree,  Duration of Study  5 years,The Education University of Hong Kong,Education,,18
164,https://www.jupas.edu.hk/tc/programme/eduhk/JS8404,Bachelor of Education (Honours) (Early Childhood Education),"HK$42,100 ", Study Level Bachelor's Degree,  Duration of Study  5 years,The Education University of Hong Kong,Education,,18
165,https://www.jupas.edu.hk/tc/programme/eduhk/JS8428,Bachelor of Education (Honours) (Geography),"HK$42,100 ", Study Level Bachelor's Degree,  Duration of Study  5 years,The Education University of Hong Kong,Education,,18
166,https://www.jupas.edu.hk/tc/programme/eduhk/JS8430,Bachelor of Education (Honours) (Science),"HK$42,100 ", Study Level Bachelor's Degree,  Duration of Study  5 years,The Education University of Hong Kong,Education,,18
167,https://www.jupas.edu.hk/tc/programme/eduhk/JS8507,Higher Diploma in Early Childhood Education,"HK$15,040 ", Study Level Higher Diploma,  Duration of Study  2 years,The Education University of Hong Kong,Education,,18
168,https://www.jupas.edu.hk/tc/programme/eduhk/JS8600,Bachelor of Arts (Honours) in Language Studies (Chinese Major),"HK$42,100 ", Study Level Bachelor's Degree,  Duration of Study  4 years,The Education University of Hong Kong,Arts,Language,18
169,https://www.jupas.edu.hk/tc/programme/eduhk/JS8612,Bachelor of Arts (Honours) in Language Studies (English Major),"HK$42,100 ", Study Level Bachelor's Degree,  Duration of Study  4 years,The Education University of Hong Kong,Arts,Language,18
170,https://www.jupas.edu.hk/tc/programme/eduhk/JS8624,Bachelor of Social Sciences (Honours) in Global and Environmental Studies,"HK$42,100 ", Study Level Bachelor's Degree,  Duration of Study  4 years,The Education University of Hong Kong,Society,Social Work,18
171,https://www.jupas.edu.hk/tc/programme/eduhk/JS8636,Bachelor of Arts (Honours) in Creative Arts and Culture (Music),"HK$42,100 ", Study Level Bachelor's Degree,  Duration of Study  4 years,The Education University of Hong Kong,Design,Music,18
172,https://www.jupas.edu.hk/tc/programme/eduhk/JS8648,Bachelor of Arts (Honours) in Creative Arts and Culture (Visual Arts),"HK$42,100 ", Study Level Bachelor's Degree,  Duration of Study  4 years,The Education University of Hong Kong,Design,Art,18
173,https://www.jupas.edu.hk/tc/programme/eduhk/JS8651,Bachelor of Social Sciences (Honours) in Psychology,"HK$42,100 ", Study Level Bachelor's Degree,  Duration of Study  4 years,The Education University of Hong Kong,Medical,,18
174,https://www.jupas.edu.hk/tc/programme/eduhk/JS8663,Bachelor of Arts (Honours) in Special Education,"HK$42,100 ", Study Level Bachelor's Degree,  Duration of Study  4 years,The Education University of Hong Kong,Education,,18
175,https://www.jupas.edu.hk/tc/programme/eduhk/JS8801,Bachelor of Arts (Honours) in Creative Arts and Culture and Bachelor of Education (Honours) (Music) Co-terminal Double Degree Programme,"HK$42,100 ", Study Level Bachelor's Degree,  Duration of Study  5 years,The Education University of Hong Kong,Education,Art,18
176,https://www.jupas.edu.hk/tc/programme/eduhk/JS8813,Bachelor of Arts (Honours) in Creative Arts and Culture and Bachelor of Education (Honours) (Visual Arts) Co-terminal Double Degree Programme,"HK$42,100 ", Study Level Bachelor's Degree,  Duration of Study  5 years,The Education University of Hong Kong,Education,Art,18
177,https://www.jupas.edu.hk/tc/programme/eduhk/JS8825,Bachelor of Arts (Honours) in Language Studies and Bachelor of Education (Honours) (English Language) Co-terminal Double Degree Programme,"HK$42,100 ", Study Level Bachelor's Degree,  Duration of Study  5 years,The Education University of Hong Kong,Education,Language,18
178,https://www.jupas.edu.hk/tc/programme/polyu/JS3014,HD in Applied Physics,"HK$31,575 ", Study Level Higher Diploma,  Duration of Study  2 years,"The Hong Kong Polytechnic University	",Science,,20
179,https://www.jupas.edu.hk/tc/programme/polyu/JS3026,HD in Building Services Engineering,"HK$31,575 ", Study Level Higher Diploma,  Duration of Study  2 years,"The Hong Kong Polytechnic University	",Engineering,,20
180,https://www.jupas.edu.hk/tc/programme/polyu/JS3038,HD in Building Technology & Management (Engineering),"HK$31,575 ", Study Level Higher Diploma,  Duration of Study  2 years,"The Hong Kong Polytechnic University	",Engineering,,20
181,https://www.jupas.edu.hk/tc/programme/polyu/JS3040,HD in Chemical Technology,"HK$31,575 ", Study Level Higher Diploma,  Duration of Study  2 years,"The Hong Kong Polytechnic University	",Science,,20
182,https://www.jupas.edu.hk/tc/programme/polyu/JS3052,HD in Civil Engineering,"HK$31,575 ", Study Level Higher Diploma,  Duration of Study  2 years,"The Hong Kong Polytechnic University	",Engineering,,20
183,https://www.jupas.edu.hk/tc/programme/polyu/JS3064,HD in Electrical Engineering,"HK$31,575 ", Study Level Higher Diploma,  Duration of Study  2 years,"The Hong Kong Polytechnic University	",Engineering,,20
184,https://www.jupas.edu.hk/tc/programme/polyu/JS3076,HD in Electronic & Information Engineering,"HK$31,575 ", Study Level Higher Diploma,  Duration of Study  2 years,"The Hong Kong Polytechnic University	",Engineering,,20
185,https://www.jupas.edu.hk/tc/programme/polyu/JS3105,HD in Land Surveying and Geo-Informatics,"HK$31,575 ", Study Level Higher Diploma,  Duration of Study  2 years,"The Hong Kong Polytechnic University	",Engineering,,20
186,https://www.jupas.edu.hk/tc/programme/polyu/JS3117,HD in Industrial & Systems Engineering,"HK$31,575 ", Study Level Higher Diploma,  Duration of Study  2 years (plus one summer term of Year One),"The Hong Kong Polytechnic University	",Engineering,,20
187,https://www.jupas.edu.hk/tc/programme/polyu/JS3284,HD in Building Technology & Management (Surveying),"HK$31,575 ", Study Level Higher Diploma,  Duration of Study  2 years,"The Hong Kong Polytechnic University	",Engineering,,20
188,https://www.jupas.edu.hk/tc/programme/polyu/JS3337,BSc (Hons) in Mental Health Nursing,"HK$42,100 ", Study Level Bachelor's Degree,  Duration of Study  5 years,"The Hong Kong Polytechnic University	",Medical,,20
189,https://www.jupas.edu.hk/tc/programme/polyu/JS3349,BSc (Hons) in Food Safety and Technology,"HK$42,100 ", Study Level Bachelor's Degree,  Duration of Study  4 years,"The Hong Kong Polytechnic University	",Science,,20
190,https://www.jupas.edu.hk/tc/programme/polyu/JS3351,BEng (Hons) in Transportation Systems Engineering,"HK$42,100 ", Study Level Bachelor's Degree,  Duration of Study  4 years,"The Hong Kong Polytechnic University	",Engineering,,20
191,https://www.jupas.edu.hk/tc/programme/polyu/JS3375,BEng (Hons) in Environmental Engineering & Sustainable Development,"HK$42,100 ", Study Level Bachelor's Degree,  Duration of Study  4 years,"The Hong Kong Polytechnic University	",Engineering,,20
192,https://www.jupas.edu.hk/tc/programme/polyu/JS3387,BSc (Hons) in Land Surveying and Geo-Informatics,"HK$42,100 ", Study Level Bachelor's Degree,  Duration of Study  4 years,"The Hong Kong Polytechnic University	",Engineering,,20
193,https://www.jupas.edu.hk/tc/programme/polyu/JS3442,BSc (Hons) in Property Management,"HK$42,100 ", Study Level Bachelor's Degree,  Duration of Study  4 years,"The Hong Kong Polytechnic University	",Business,,20
194,https://www.jupas.edu.hk/tc/programme/polyu/JS3466,BBA (Hons) in Accounting & Finance,"HK$42,100 ", Study Level Bachelor's Degree,  Duration of Study  4 years,"The Hong Kong Polytechnic University	",Business,Mathematics,20
195,https://www.jupas.edu.hk/tc/programme/polyu/JS3478,BSc (Hons) in Medical Laboratory Science,"HK$42,100 ", Study Level Bachelor's Degree,  Duration of Study  4 years,"The Hong Kong Polytechnic University	",Science,,20
196,https://www.jupas.edu.hk/tc/programme/polyu/JS3492,BA (Hons) Scheme in Fashion and Textiles,"HK$42,100 ", Study Level Bachelor's Degree,  Duration of Study  4 years,"The Hong Kong Polytechnic University	",Arts,,20
197,https://www.jupas.edu.hk/tc/programme/polyu/JS3507,BEng (Hons) in Aviation Engineering,"HK$42,100 ", Study Level Bachelor's Degree,  Duration of Study  4 years,"The Hong Kong Polytechnic University	",Engineering,,20
198,https://www.jupas.edu.hk/tc/programme/polyu/JS3519,BSc (Hons) in Internet & Multimedia Technologies,"HK$42,100 ", Study Level Bachelor's Degree,  Duration of Study  4 years,"The Hong Kong Polytechnic University	",Media,Computer,20
199,https://www.jupas.edu.hk/tc/programme/polyu/JS3533,BBA (Hons) in Global Supply Chain Management,"HK$42,100 ", Study Level Bachelor's Degree,  Duration of Study  4 years,"The Hong Kong Polytechnic University	",Business,,20
200,https://www.jupas.edu.hk/tc/programme/polyu/JS3557,BEng (Hons) Scheme in Product and Industrial Engineering,"HK$42,100 ", Study Level Bachelor's Degree,  Duration of Study  4 years,"The Hong Kong Polytechnic University	",Engineering,,20
201,https://www.jupas.edu.hk/tc/programme/polyu/JS3569,BA (Hons) Scheme in Design,"HK$42,100 ", Study Level Bachelor's Degree,  Duration of Study  4 years,"The Hong Kong Polytechnic University	",Design,Art,20
202,https://www.jupas.edu.hk/tc/programme/polyu/JS3571,BSc (Hons) Scheme in Logistics and Enterprise Engineering,"HK$42,100 ", Study Level Bachelor's Degree,  Duration of Study  4 years,"The Hong Kong Polytechnic University	",Business,,20
203,https://www.jupas.edu.hk/tc/programme/polyu/JS3583,BBA (Hons) in Management,"HK$42,100 ", Study Level Bachelor's Degree,  Duration of Study  4 years,"The Hong Kong Polytechnic University	",Business,Management,20
204,https://www.jupas.edu.hk/tc/programme/polyu/JS3595,BBA (Hons) in Financial Services,"HK$42,100 ", Study Level Bachelor's Degree,  Duration of Study  4 years,"The Hong Kong Polytechnic University	",Business,,20
205,https://www.jupas.edu.hk/tc/programme/polyu/JS3600,BSc (Hons) in Biomedical Engineering,"HK$42,100 ", Study Level Bachelor's Degree,  Duration of Study  4 years,"The Hong Kong Polytechnic University	",Science,,20
206,https://www.jupas.edu.hk/tc/programme/polyu/JS3612,BSc (Hons) in Radiography,"HK$42,100 ", Study Level Bachelor's Degree,  Duration of Study  4 years,"The Hong Kong Polytechnic University	",Science,,20
207,https://www.jupas.edu.hk/tc/programme/polyu/JS3624,BSc (Hons) in Occupational Therapy,"HK$42,100 ", Study Level Bachelor's Degree,  Duration of Study  4 years,"The Hong Kong Polytechnic University	",Medical,,20
208,https://www.jupas.edu.hk/tc/programme/polyu/JS3636,BSc (Hons) in Physiotherapy,"HK$42,100 ", Study Level Bachelor's Degree,  Duration of Study  4 years,"The Hong Kong Polytechnic University	",Medical,,20
209,https://www.jupas.edu.hk/tc/programme/polyu/JS3648,BSc (Hons) in Nursing,"HK$42,100 ", Study Level Bachelor's Degree,  Duration of Study  5 years,"The Hong Kong Polytechnic University	",Medical,,20
210,https://www.jupas.edu.hk/tc/programme/polyu/JS3650,BSc (Hons) in Optometry,"HK$42,100 ", Study Level Bachelor's Degree,  Duration of Study  5 years,"The Hong Kong Polytechnic University	",Science,,20
211,https://www.jupas.edu.hk/tc/programme/polyu/JS3662,BA (Hons) in Social Work,"HK$42,100 ", Study Level Bachelor's Degree,  Duration of Study  4 years,"The Hong Kong Polytechnic University	",Society,Social Work,20
212,https://www.jupas.edu.hk/tc/programme/polyu/JS3674,BBA (Hons) in International Shipping & Transport Logistics,"HK$42,100 ", Study Level Bachelor's Degree,  Duration of Study  4 years,"The Hong Kong Polytechnic University	",Business,,20
213,https://www.jupas.edu.hk/tc/programme/polyu/JS3703,BEng (Hons) in Electronic & Information Engineering,"HK$42,100 ", Study Level Bachelor's Degree,  Duration of Study  4 years,"The Hong Kong Polytechnic University	",IT,Computer,20
214,https://www.jupas.edu.hk/tc/programme/polyu/JS3715,BEng (Hons) in Electrical Engineering,"HK$42,100 ", Study Level Bachelor's Degree,  Duration of Study  4 years,"The Hong Kong Polytechnic University	",Engineering,,20
215,https://www.jupas.edu.hk/tc/programme/polyu/JS3739,BEng (Hons) in Civil Engineering,"HK$42,100 ", Study Level Bachelor's Degree,  Duration of Study  4 years,"The Hong Kong Polytechnic University	",Engineering,,20
216,https://www.jupas.edu.hk/tc/programme/polyu/JS3741,BEng (Hons) Scheme in Mechanical Engineering,"HK$42,100 ", Study Level Bachelor's Degree,  Duration of Study  4 years,"The Hong Kong Polytechnic University	",Engineering,,20
217,https://www.jupas.edu.hk/tc/programme/polyu/JS3753,BEng (Hons) in Building Services Engineering,"HK$42,100 ", Study Level Bachelor's Degree,  Duration of Study  4 years,"The Hong Kong Polytechnic University	",Engineering,,20
218,https://www.jupas.edu.hk/tc/programme/polyu/JS3765,BA (Hons) in Social Policy & Social Entrepreneurship,"HK$42,100 ", Study Level Bachelor's Degree,  Duration of Study  4 years,"The Hong Kong Polytechnic University	",Society,Social Work,20
219,https://www.jupas.edu.hk/tc/programme/polyu/JS3777,BEng (Hons) in Structural and Fire Safety Engineering,"HK$42,100 ", Study Level Bachelor's Degree,  Duration of Study  4 years,"The Hong Kong Polytechnic University	",Engineering,,20
220,https://www.jupas.edu.hk/tc/programme/polyu/JS3789,BSc (Hons) in Surveying,"HK$42,100 ", Study Level Bachelor's Degree,  Duration of Study  4 years,"The Hong Kong Polytechnic University	",Engineering,,20
221,https://www.jupas.edu.hk/tc/programme/polyu/JS3791,BSc (Hons) in Building Engineering and Management,"HK$42,100 ", Study Level Bachelor's Degree,  Duration of Study  4 years,"The Hong Kong Polytechnic University	",Engineering,,20
222,https://www.jupas.edu.hk/tc/programme/polyu/JS3806,BSc (Hons) in Investment Science and Finance Analytics,"HK$42,100 ", Study Level Bachelor's Degree,  Duration of Study  4 years,"The Hong Kong Polytechnic University	",Business,,20
223,https://www.jupas.edu.hk/tc/programme/polyu/JS3818,BA (Hons) in Linguistics and Translation,"HK$42,100 ", Study Level Bachelor's Degree,  Duration of Study  4 years,"The Hong Kong Polytechnic University	",Arts,Translation,20
224,https://www.jupas.edu.hk/tc/programme/polyu/JS3820,BSc (Hons) in Tourism & Events Management,"HK$42,100 ", Study Level Bachelor's Degree,  Duration of Study  4 years,"The Hong Kong Polytechnic University	",Business,Management,20
225,https://www.jupas.edu.hk/tc/programme/polyu/JS3832,BA (Hons) in English Studies for the Professions,"HK$42,100 ", Study Level Bachelor's Degree,  Duration of Study  4 years,"The Hong Kong Polytechnic University	",Arts,Language,20
226,https://www.jupas.edu.hk/tc/programme/polyu/JS3868,BSc (Hons) Scheme in Computing,"HK$42,100 ", Study Level Bachelor's Degree,  Duration of Study  4 years,"The Hong Kong Polytechnic University	",Business,Mathematics,20
227,https://www.jupas.edu.hk/tc/programme/polyu/JS3882,BSc (Hons) in Hotel Management,"HK$42,100 ", Study Level Bachelor's Degree,  Duration of Study  4 years,"The Hong Kong Polytechnic University	",Business,Management,20
228,https://www.jupas.edu.hk/tc/programme/polyu/JS3894,BBA (Hons) in Marketing,"HK$42,100 ", Study Level Bachelor's Degree,  Duration of Study  4 years,"The Hong Kong Polytechnic University	",Business,,20
229,https://www.jupas.edu.hk/tc/programme/polyu/JS3911,BBA (Hons) in Accountancy,"HK$42,100 ", Study Level Bachelor's Degree,  Duration of Study  4 years,"The Hong Kong Polytechnic University	",Business,Mathematics,20
230,https://www.jupas.edu.hk/tc/programme/polyu/JS3923,BSc (Hons) in Applied Biology with Biotechnology,"HK$42,100 ", Study Level Bachelor's Degree,  Duration of Study  4 years,"The Hong Kong Polytechnic University	",Science,,20
231,https://www.jupas.edu.hk/tc/programme/polyu/JS3985,BSc (Hons) in Engineering Physics,"HK$42,100 ", Study Level Bachelor's Degree,  Duration of Study  4 years,"The Hong Kong Polytechnic University	",Engineering,,20
232,https://www.jupas.edu.hk/tc/programme/polyu/JS3997,BSc (Hons) in Chemical Technology,"HK$42,100 ", Study Level Bachelor's Degree,  Duration of Study  4 years,"The Hong Kong Polytechnic University	",Science,,20
233,https://www.jupas.edu.hk/tc/programme/hkust/JS5101,International Research Enrichment,"HK$42,100 ", Study Level Bachelor's Degree,  Duration of Study  4 years,"The Hong Kong University of Science and Technology	",Science,,17
234,https://www.jupas.edu.hk/tc/programme/hkust/JS5102,Science (Group A),"HK$42,100 ", Study Level Bachelor's Degree,  Duration of Study  4 years,"The Hong Kong University of Science and Technology	",Science,,17
235,https://www.jupas.edu.hk/tc/programme/hkust/JS5103,Science (Group B),"HK$42,100 ", Study Level Bachelor's Degree,  Duration of Study  4 years,"The Hong Kong University of Science and Technology	",Science,,17
236,https://www.jupas.edu.hk/tc/programme/hkust/JS5200,Engineering,"HK$42,100 ", Study Level Bachelor's Degree,  Duration of Study  4 years,"The Hong Kong University of Science and Technology	",Science,,17
237,https://www.jupas.edu.hk/tc/programme/hkust/JS5211,BSc in Integrative Systems and Design,"HK$42,100 ", Study Level Bachelor's Degree,  Duration of Study  4 years,"The Hong Kong University of Science and Technology	",Design,,17
238,https://www.jupas.edu.hk/tc/programme/hkust/JS5300,Business and Management,"HK$42,100 ", Study Level Bachelor's Degree,  Duration of Study  4 years,"The Hong Kong University of Science and Technology	",Business,Mathematics,17
239,https://www.jupas.edu.hk/tc/programme/hkust/JS5311,BBA in Economics,"HK$42,100 ", Study Level Bachelor's Degree,  Duration of Study  4 years,"The Hong Kong University of Science and Technology	",Business,Mathematics,17
240,https://www.jupas.edu.hk/tc/programme/hkust/JS5312,BBA in Finance,"HK$42,100 ", Study Level Bachelor's Degree,  Duration of Study  4 years,"The Hong Kong University of Science and Technology	",Business,,17
241,https://www.jupas.edu.hk/tc/programme/hkust/JS5313,BBA in Global Business,"HK$42,100 ", Study Level Bachelor's Degree,  Duration of Study  4 years,"The Hong Kong University of Science and Technology	",Business,,17
242,https://www.jupas.edu.hk/tc/programme/hkust/JS5314,BBA in Information Systems,"HK$42,100 ", Study Level Bachelor's Degree,  Duration of Study  4 years,"The Hong Kong University of Science and Technology	",Business,Data,17
243,https://www.jupas.edu.hk/tc/programme/hkust/JS5315,BBA in Management,"HK$42,100 ", Study Level Bachelor's Degree,  Duration of Study  4 years,"The Hong Kong University of Science and Technology	",Business,Management,17
244,https://www.jupas.edu.hk/tc/programme/hkust/JS5316,BBA in Marketing,"HK$42,100 ", Study Level Bachelor's Degree,  Duration of Study  4 years,"The Hong Kong University of Science and Technology	",Business,,17
245,https://www.jupas.edu.hk/tc/programme/hkust/JS5317,BBA in Operations Management,"HK$42,100 ", Study Level Bachelor's Degree,  Duration of Study  4 years,"The Hong Kong University of Science and Technology	",Business,Management,17
246,https://www.jupas.edu.hk/tc/programme/hkust/JS5318,BBA in Professional Accounting,"HK$42,100 ", Study Level Bachelor's Degree,  Duration of Study  4 years,"The Hong Kong University of Science and Technology	",Business,Mathematics,17
247,https://www.jupas.edu.hk/tc/programme/hkust/JS5331,BSc in Economics and Finance,"HK$42,100 ", Study Level Bachelor's Degree,  Duration of Study  4 years,"The Hong Kong University of Science and Technology	",Business,Mathematics,17
248,https://www.jupas.edu.hk/tc/programme/hkust/JS5332,BSc in Quantitative Finance,"HK$42,100 ", Study Level Bachelor's Degree,  Duration of Study  4 years,"The Hong Kong University of Science and Technology	",Business,Mathematics,17
249,https://www.jupas.edu.hk/tc/programme/hkust/JS5411,BSc in Global China Studies,"HK$42,100 ", Study Level Bachelor's Degree,  Duration of Study  4 years,"The Hong Kong University of Science and Technology	",Society,Language,17
250,https://www.jupas.edu.hk/tc/programme/hkust/JS5412,BSc in Quantitative Social Analysis,"HK$42,100 ", Study Level Bachelor's Degree,  Duration of Study  4 years,"The Hong Kong University of Science and Technology	",Science,Analytics,17
251,https://www.jupas.edu.hk/tc/programme/hkust/JS5811,BSc in Biotechnology and Business,"HK$42,100 ", Study Level Bachelor's Degree,  Duration of Study  4 years,"The Hong Kong University of Science and Technology	",Science,,17
252,https://www.jupas.edu.hk/tc/programme/hkust/JS5812,BSc in Environmental Management and Technology,"HK$42,100 ", Study Level Bachelor's Degree,  Duration of Study  4 years,"The Hong Kong University of Science and Technology	",Science,Computer,17
253,https://www.jupas.edu.hk/tc/programme/hkust/JS5813,BSc in Mathematics and Economics,"HK$42,100 ", Study Level Bachelor's Degree,  Duration of Study  4 years,"The Hong Kong University of Science and Technology	",Science,Mathematics,17
254,https://www.jupas.edu.hk/tc/programme/hkust/JS5814,BSc in Risk Management and Business Intelligence,"HK$42,100 ", Study Level Bachelor's Degree,  Duration of Study  4 years,"The Hong Kong University of Science and Technology	",Science,Management,17
255,https://www.jupas.edu.hk/tc/programme/hkust/JS5901,BEng/BSc & BBA Dual Degree Program in Technology and Management,"HK$42,100 ", Study Level Bachelor's Degree,  Duration of Study  5 years,"The Hong Kong University of Science and Technology	",Science,Computer,17
256,https://www.jupas.edu.hk/tc/programme/hku/JS6004,Bachelor of Arts in Architectural Studies,"HK$42,100 ", Study Level Bachelor's Degree,  Duration of Study  4 years,The University of Hong Kong,Engineering,a,23
257,https://www.jupas.edu.hk/tc/programme/hku/JS6016,Bachelor of Science in Surveying,"HK$42,100 ", Study Level Bachelor's Degree,  Duration of Study  4 years,The University of Hong Kong,Engineering,,23
258,https://www.jupas.edu.hk/tc/programme/hku/JS6028,Bachelor of Arts in Landscape Studies,"HK$42,100 ", Study Level Bachelor's Degree,  Duration of Study  4 years,The University of Hong Kong,Arts,,23
259,https://www.jupas.edu.hk/tc/programme/hku/JS6030,Bachelor of Arts in Conservation,"HK$42,100 ", Study Level Bachelor's Degree,  Duration of Study  4 years,The University of Hong Kong,Science,,23
260,https://www.jupas.edu.hk/tc/programme/hku/JS6042,Bachelor of Arts in Urban Studies,"HK$42,100 ", Study Level Bachelor's Degree,  Duration of Study  4 years,The University of Hong Kong,Arts,Social Work,23
261,https://www.jupas.edu.hk/tc/programme/hku/JS6054,Bachelor of Arts,"HK$42,100 ", Study Level Bachelor's Degree,  Duration of Study  4 years,The University of Hong Kong,Arts,Language,23
262,https://www.jupas.edu.hk/tc/programme/hku/JS6066,Bachelor of Arts and Bachelor of Education in Language Education - English (double degree),"HK$42,100 ", Study Level Bachelor's Degree,  Duration of Study  5 years,The University of Hong Kong,Education,Language,23
263,https://www.jupas.edu.hk/tc/programme/hku/JS6078,Bachelor of Arts and Bachelor of Laws (double degree),"HK$42,100 ", Study Level Bachelor's Degree,  Duration of Study  5 years,The University of Hong Kong,Arts,Language,23
264,https://www.jupas.edu.hk/tc/programme/hku/JS6080,Bachelor of Arts and Bachelor of Education in Language Education - Chinese (double degree),"HK$42,100 ", Study Level Bachelor's Degree,  Duration of Study  5 years,The University of Hong Kong,Education,Language,23
265,https://www.jupas.edu.hk/tc/programme/hku/JS6092,Bachelor of Education in Early Childhood Education and Special Education,"HK$42,100 ", Study Level Bachelor's Degree,  Duration of Study  5 years,The University of Hong Kong,Education,,23
266,https://www.jupas.edu.hk/tc/programme/hku/JS6107,Bachelor of Dental Surgery,"HK$42,100 ", Study Level Bachelor's Degree,  Duration of Study  6 years,The University of Hong Kong,Medical,,23
267,https://www.jupas.edu.hk/tc/programme/hku/JS6119,Bachelor of Education and Bachelor of Science (double degree),"HK$42,100 ", Study Level Bachelor's Degree,  Duration of Study  5 years,The University of Hong Kong,Education,,23
268,https://www.jupas.edu.hk/tc/programme/hku/JS6157,Bachelor of Science in Speech and Hearing Sciences,"HK$42,100 ", Study Level Bachelor's Degree,  Duration of Study  5 years,The University of Hong Kong,Science,,23
269,https://www.jupas.edu.hk/tc/programme/hku/JS6195,Bachelor of Education and Bachelor of Social Sciences (double degree),"HK$42,100 ", Study Level Bachelor's Degree,  Duration of Study  5 years,The University of Hong Kong,Education,,23
270,https://www.jupas.edu.hk/tc/programme/hku/JS6212,Bachelor of Arts and Sciences,"HK$42,100 ", Study Level Bachelor's Degree,  Duration of Study  4 years,The University of Hong Kong,Arts,,23
271,https://www.jupas.edu.hk/tc/programme/hku/JS6224,Bachelor of Arts and Sciences in Applied Artificial Intelligence,"HK$42,100 ", Study Level Bachelor's Degree,  Duration of Study  4 years,The University of Hong Kong,Science,Computer,23
272,https://www.jupas.edu.hk/tc/programme/hku/JS6236,Bachelor of Arts and Sciences in Design+,"HK$42,100 ", Study Level Bachelor's Degree,  Duration of Study  4 years,The University of Hong Kong,Science,Art,23
273,https://www.jupas.edu.hk/tc/programme/hku/JS6248,Bachelor of Arts and Sciences in Financial Technology,"HK$42,100 ", Study Level Bachelor's Degree,  Duration of Study  4 years,The University of Hong Kong,Business,Mathematics,23
274,https://www.jupas.edu.hk/tc/programme/hku/JS6250,Bachelor of Arts and Sciences in Global Health and Development,"HK$42,100 ", Study Level Bachelor's Degree,  Duration of Study  4 years,The University of Hong Kong,Arts,,23
275,https://www.jupas.edu.hk/tc/programme/hku/JS6406,Bachelor of Laws,"HK$42,100 ", Study Level Bachelor's Degree,  Duration of Study  4 years,The University of Hong Kong,Laws,,23
276,https://www.jupas.edu.hk/tc/programme/hku/JS6456,Bachelor of Medicine and Bachelor of Surgery,"HK$42,100 ", Study Level Bachelor's Degree,  Duration of Study  6 years,The University of Hong Kong,Medical,,23
277,https://www.jupas.edu.hk/tc/programme/hku/JS6468,Bachelor of Nursing,"HK$42,100 ", Study Level Bachelor's Degree,  Duration of Study  5 years,The University of Hong Kong,Medical,,23
278,https://www.jupas.edu.hk/tc/programme/hku/JS6482,Bachelor of Chinese Medicine,"HK$42,100 ", Study Level Bachelor's Degree,  Duration of Study  6 years,The University of Hong Kong,Medical,,23
279,https://www.jupas.edu.hk/tc/programme/hku/JS6494,Bachelor of Pharmacy,"HK$42,100 ", Study Level Bachelor's Degree,  Duration of Study  4 years,The University of Hong Kong,Medical,,23
280,https://www.jupas.edu.hk/tc/programme/hku/JS6717,Bachelor of Social Sciences,"HK$42,100 ", Study Level Bachelor's Degree,  Duration of Study  4 years,The University of Hong Kong,Society,Social Work,23
281,https://www.jupas.edu.hk/tc/programme/hku/JS6729,Bachelor of Science in Actuarial Science,"HK$42,100 ", Study Level Bachelor's Degree,  Duration of Study  4 years,The University of Hong Kong,Business,,23
282,https://www.jupas.edu.hk/tc/programme/hku/JS6731,Bachelor of Social Work,"HK$42,100 ", Study Level Bachelor's Degree,  Duration of Study  4 years,The University of Hong Kong,Society,Social Work,23
283,https://www.jupas.edu.hk/tc/programme/hku/JS6767,Bachelor of Economics / Bachelor of Economics and Finance,"HK$42,100 ", Study Level Bachelor's Degree,  Duration of Study  4 years,The University of Hong Kong,Business,Mathematics,23
284,https://www.jupas.edu.hk/tc/programme/hku/JS6781,Bachelor of Business Administration / Bachelor of Business Administration in Accounting and Finance,"HK$42,100 ", Study Level Bachelor's Degree,  Duration of Study  4 years,The University of Hong Kong,Business,Management,23
285,https://www.jupas.edu.hk/tc/programme/hku/JS6793,Bachelor of Business Administration (Information Systems),"HK$42,100 ", Study Level Bachelor's Degree,  Duration of Study  4 years,The University of Hong Kong,Business,Management,23
286,https://www.jupas.edu.hk/tc/programme/hku/JS6808,Bachelor of Business Administration (Law) and Bachelor of Laws (double degree),"HK$42,100 ", Study Level Bachelor's Degree,  Duration of Study  5 years,The University of Hong Kong,Business,Management,23
287,https://www.jupas.edu.hk/tc/programme/hku/JS6810,Bachelor of Social Sciences (Government and Laws) and Bachelor of Laws (double degree),"HK$42,100 ", Study Level Bachelor's Degree,  Duration of Study  5 years,The University of Hong Kong,Society,Social Work,23
288,https://www.jupas.edu.hk/tc/programme/hku/JS6822,Bachelor of Journalism,"HK$42,100 ", Study Level Bachelor's Degree,  Duration of Study  4 years,The University of Hong Kong,Media,,23
289,https://www.jupas.edu.hk/tc/programme/hku/JS6860,Bachelor of Finance in Asset Management and Private Banking,"HK$42,100 ", Study Level Bachelor's Degree,  Duration of Study  4 years,The University of Hong Kong,Media,Management,23
290,https://www.jupas.edu.hk/tc/programme/hku/JS6884,Bachelor of Science in Quantitative Finance,"HK$42,100 ", Study Level Bachelor's Degree,  Duration of Study  4 years,The University of Hong Kong,Business,,23
291,https://www.jupas.edu.hk/tc/programme/hku/JS6896,Bachelor of Business Administration in International Business and Global Management,"HK$42,100 ", Study Level Bachelor's Degree,  Duration of Study  4 years,The University of Hong Kong,Business,,23
292,https://www.jupas.edu.hk/tc/programme/hku/JS6901,Bachelor of Science,"HK$42,100 ", Study Level Bachelor's Degree,  Duration of Study  4 years,The University of Hong Kong,Science,,23
293,https://www.jupas.edu.hk/tc/programme/hku/JS6925,Bachelor of Engineering in Biomedical Engineering,"HK$42,100 ", Study Level Bachelor's Degree,  Duration of Study  4 years,The University of Hong Kong,Science,,23
294,https://www.jupas.edu.hk/tc/programme/hku/JS6949,Bachelor of Biomedical Sciences,"HK$42,100 ", Study Level Bachelor's Degree,  Duration of Study  4 years,The University of Hong Kong,Science,,23
295,https://www.jupas.edu.hk/tc/programme/hku/JS6951,Bachelor of Engineering in Engineering Science,"HK$42,100 ", Study Level Bachelor's Degree,  Duration of Study  4 years,The University of Hong Kong,Engineering,,23
296,https://www.jupas.edu.hk/tc/programme/hku/JS6963,Bachelor of Engineering,"HK$42,100 ", Study Level Bachelor's Degree,  Duration of Study  4 years,The University of Hong Kong,Engineering,,23
297,https://www.jupas.edu.hk/tc/programme/ouhk/JS9001,Bachelor of Social Sciences with Honours in Psychology,"HK$75,920 ", Study Level Bachelor's Degree,  Duration of Study  4 years,The Open University of Hong Kong,Society,,22
298,https://www.jupas.edu.hk/tc/programme/ouhk/JS9003,Bachelor of Social Sciences with Honours in Politics and Public Administration,"HK$75,920 ", Study Level Bachelor's Degree,  Duration of Study  4 years,The Open University of Hong Kong,Society,,22
299,https://www.jupas.edu.hk/tc/programme/ouhk/JS9004,Bachelor of Social Sciences with Honours in Applied Social Studies,"HK$75,920 ", Study Level Bachelor's Degree,  Duration of Study  4 years,The Open University of Hong Kong,Society,,22
300,https://www.jupas.edu.hk/tc/programme/ouhk/JS9005,Bachelor of Social Sciences with Honours in Global and China Studies,"HK$75,920 ", Study Level Bachelor's Degree,  Duration of Study  4 years,The Open University of Hong Kong,Society,,22
301,https://www.jupas.edu.hk/tc/programme/ouhk/JS9006,Bachelor of Social Sciences with Honours in Ageing Society and Services Studies,"HK$75,920 ", Study Level Bachelor's Degree,  Duration of Study  4 years,The Open University of Hong Kong,Society,,22
302,https://www.jupas.edu.hk/tc/programme/ouhk/JS9007,Bachelor of Social Sciences with Honours in Economic and Public Policy Analysis,"HK$75,920 ", Study Level Bachelor's Degree,  Duration of Study  4 years,The Open University of Hong Kong,Business,Social Work,22
303,https://www.jupas.edu.hk/tc/programme/ouhk/JS9008,Bachelor of Social Sciences with Honours in Psychology and Mental Health,"HK$75,920 ", Study Level Bachelor's Degree,  Duration of Study  4 years,The Open University of Hong Kong,Society,,22
304,https://www.jupas.edu.hk/tc/programme/ouhk/JS9011,Bachelor of Arts with Honours in Chinese,"HK$75,920 ", Study Level Bachelor's Degree,  Duration of Study  4 years,The Open University of Hong Kong,Arts,Language,22
305,https://www.jupas.edu.hk/tc/programme/ouhk/JS9013,Bachelor of Arts with Honours in Language Studies and Translation,"HK$75,920 ", Study Level Bachelor's Degree,  Duration of Study  4 years,The Open University of Hong Kong,Arts,Language,22
306,https://www.jupas.edu.hk/tc/programme/ouhk/JS9016,Bachelor of Arts with Honours in Creative Advertising and Media Design,"HK$77,880 ", Study Level Bachelor's Degree,  Duration of Study  4 years,The Open University of Hong Kong,Media,Art,22
307,https://www.jupas.edu.hk/tc/programme/ouhk/JS9019,Bachelor of Arts with Honours in English Language and Culture,"HK$75,920 ", Study Level Bachelor's Degree,  Duration of Study  4 years,The Open University of Hong Kong,Arts,Language,22
308,https://www.jupas.edu.hk/tc/programme/ouhk/JS9220,Bachelor of Business Administration with Honours in Professional Accounting,"HK$88,150 ", Study Level Bachelor's Degree,  Duration of Study  4 years,The Open University of Hong Kong,Business,Management,22
309,https://www.jupas.edu.hk/tc/programme/ouhk/JS9222,Bachelor of Business Administration with Honours in Accounting and Taxation,"HK$88,150 ", Study Level Bachelor's Degree,  Duration of Study  4 years,The Open University of Hong Kong,Business,Management,22
310,https://www.jupas.edu.hk/tc/programme/ouhk/JS9230,Bachelor of Business Administration with Honours in Business Management,"HK$88,150 ", Study Level Bachelor's Degree,  Duration of Study  4 years,The Open University of Hong Kong,Business,Management,22
311,https://www.jupas.edu.hk/tc/programme/ouhk/JS9240,Bachelor of Business Administration with Honours in Global Business and Marketing,"HK$88,150 ", Study Level Bachelor's Degree,  Duration of Study  4 years,The Open University of Hong Kong,Business,Management,22
312,https://www.jupas.edu.hk/tc/programme/ouhk/JS9250,Bachelor of Business Administration with Honours in Corporate Governance,"HK$88,150 ", Study Level Bachelor's Degree,  Duration of Study  4 years,The Open University of Hong Kong,Business,Management,22
313,https://www.jupas.edu.hk/tc/programme/ouhk/JS9261,Bachelor of Business Administration with Honours in Digital Business,"HK$88,150 ", Study Level Bachelor's Degree,  Duration of Study  4 years,The Open University of Hong Kong,Business,,22
314,https://www.jupas.edu.hk/tc/programme/ouhk/JS9272,Bachelor of Business Administration with Honours in Finance and Risk Management,"HK$88,150 ", Study Level Bachelor's Degree,  Duration of Study  4 years,The Open University of Hong Kong,Business,Management,22
315,https://www.jupas.edu.hk/tc/programme/ouhk/JS9276,Bachelor of Business Administration with Honours in Real Estate and Facilities Management,"HK$88,150 ", Study Level Bachelor's Degree,  Duration of Study  4 years,The Open University of Hong Kong,Business,Management,22
316,https://www.jupas.edu.hk/tc/programme/ouhk/JS9280,"Bachelor of Applied Psychology with Honours, Bachelor of Business Management with Honours","HK$75,920 ", Study Level Bachelor's Degree,  Duration of Study  4 years (summer terms included),The Open University of Hong Kong,Business,Management,22
317,https://www.jupas.edu.hk/tc/programme/ouhk/JS9291,Bachelor of Business Administration with Honours in Hotel and Sustainable Tourism Management,"HK$88,150 ", Study Level Bachelor's Degree,  Duration of Study  4 years,The Open University of Hong Kong,Business,Management,22
318,https://www.jupas.edu.hk/tc/programme/ouhk/JS9294,Bachelor of Business Administration with Honours in Sports and eSports Management,"HK$88,150 ", Study Level Bachelor's Degree,  Duration of Study  4 years,The Open University of Hong Kong,Business,Management,22
319,https://www.jupas.edu.hk/tc/programme/ouhk/JS9530,Bachelor of Education with Honours in English Language Teaching and Bachelor of English Language Studies with Honours,"HK$76,480 ", Study Level Bachelor's Degree,  Duration of Study  4 years (summer terms included),The Open University of Hong Kong,Arts,Language,22
320,https://www.jupas.edu.hk/tc/programme/ouhk/JS9540,Bachelor of English Language Studies with Honours,"HK$76,120 ", Study Level Bachelor's Degree,  Duration of Study  4 years,The Open University of Hong Kong,Arts,Language,22
321,https://www.jupas.edu.hk/tc/programme/ouhk/JS9550,Bachelor of Language Studies with Honours (Applied Chinese Language Studies),"HK$76,200 ", Study Level Bachelor's Degree,  Duration of Study  4 years,The Open University of Hong Kong,Arts,Language,22
322,https://www.jupas.edu.hk/tc/programme/ouhk/JS9560,Bachelor of Education with Honours (Chinese Language Teaching) and Bachelor of Language Studies with Honours (Applied Chinese Language Studies),"HK$76,320 ", Study Level Bachelor's Degree,  Duration of Study  4 years,The Open University of Hong Kong,Arts,Language,22
323,https://www.jupas.edu.hk/tc/programme/ouhk/JS9570,"Bachelor of Language Studies with Honours (Bilingual Communication), Bachelor of Global Business with Honours","HK$76,080 ", Study Level Bachelor's Degree,  Duration of Study  4 years,The Open University of Hong Kong,Society,Language,22
324,https://www.jupas.edu.hk/tc/programme/ouhk/JS9580,Bachelor of Education with Honours in Early Childhood Education (Leadership and Special Educational Needs),"HK$84,280 ", Study Level Bachelor's Degree,  Duration of Study  4 Years,The Open University of Hong Kong,Education,,22
325,https://www.jupas.edu.hk/tc/programme/ouhk/JS9720,Bachelor of Engineering with Honours in Electronic and Computer Engineering,"HK$77,440 ", Study Level Bachelor's Degree,  Duration of Study  4 years,The Open University of Hong Kong,IT,Computer,22
326,https://www.jupas.edu.hk/tc/programme/ouhk/JS9731,Bachelor of Science with Honours in Environmental Science and Green Management,"HK$82,920 ", Study Level Bachelor's Degree,  Duration of Study  4 years,The Open University of Hong Kong,Engineering,,22
327,https://www.jupas.edu.hk/tc/programme/ouhk/JS9732,Bachelor of Science with Honours in Life Sciences,"HK$80,040 ", Study Level Bachelor's Degree,  Duration of Study  4 years,The Open University of Hong Kong,Science,,22
328,https://www.jupas.edu.hk/tc/programme/ouhk/JS9769,Bachelor of Science with Honours in Food Testing Science,"HK$82,920 ", Study Level Bachelor's Degree,  Duration of Study  4 years,The Open University of Hong Kong,Science,,22
329,https://www.jupas.edu.hk/tc/programme/ouhk/JS9780,Bachelor of Science with Honours in Data Science,"HK$75,920 ", Study Level Bachelor's Degree,  Duration of Study  4 years,The Open University of Hong Kong,IT,Data,22
330,https://www.jupas.edu.hk/tc/programme/ouhk/JS9790,Bachelor of Science with Honours in Physiotherapy,"HK$160,000 ", Study Level Bachelor's Degree,  Duration of Study  4 years,The Open University of Hong Kong,Science,,22
